index,manufacturer,Year,model,Hand,Gear,Engine_capacity,Engine_type,Prev_ownership,Curr_ownership,Area,City,Price,Pic_num,Cre_date,Repub_date,Description,Color,Km,Test
1,יונדאי,2017,איוניק,2,אוטומטית,1600.0,היבריד,פרטית,פרטית,טבריה והסביבה,גבעת אבני,77000.0,8,2024-06-08,2024-07-31,"יונדאי איוניק 2017. דגם סופרים. 8 ספרות. 130000 ק""מ רכב שמור ומטופל בזמן. רכב שני בבית. חלונות שחורים. ריפודים. פוינטר מלא. מגיני רוח. מחירון 79000, גמיש ליד הרכב. מגיע מדי פעם לאזור המרכז. לא בשבת!!!",לבן,130000.0,90.0
2,יונדאי,2019,איוניק,2,אוטומטית,1600.0,היבריד,ליסינג,פרטית,אשדוד - אשקלון,אשקלון,77000.0,5,2024-07-08,2024-07-08,למחפשי ראש שקט רכב מצב חדש מתחייב בבדיקה גמיש במעמד הקנייה ,לבן,117.0,332.0
3,יונדאי,2022,i10,2,אוטומטית,1200.0,בנזין,פרטית,פרטית,פתח תקוה והסביבה,פתח תקווה,73000.0,5,2023-07-12,2024-06-15,"רכב חדש עוד עם ניילונים 16,800 קילומטר. משמש לנסיעה הלוך חזור לעבודה בימי ראשון וחמישי. מוכר בעקבות קבלת רכב חברה.
אפשר להגיע לפתח תקווה וגם לאיזור אשקלון",אפור,16800.0,
4,יונדאי,2020,קופה,1,אוטומטית,1600.0,בנזין,פרטית,פרטית,אילת והערבה,אילת,95.0,2,2024-05-22,2024-05-22,"יונדאי קונה,44.000 ק""מ,דגם סופרים,עליה לכביש באוקטובר 20,טסט עד אוקטובר,מצבר חדש,צמיגים קדמיים חדשים,טיפולים במוסך מורשה,חיישן רוורס,",שחור,44000.0,90.0
5,יונדאי,2015,i35,2,אוטומטית,1600.0,בנזין,ליסינג,ליסינג,גליל ועמקים,שפרעם,39.0,9,2024-06-21,2024-06-21,"רכב אלעלאא שפרעם 
יונדאי I35 , שנת 2015, מנוע 1600 , יד 02 ליסינג , ק""מ 208,000 , טסט מאלה 
מיקם : רכב אלעלאא שפרעם חדש ",אפור,208000.0,
6,יונדאי,2021,וניו,1,אוטומטית,1600.0,בנזין,ליסינג,ליסינג,גליל ועמקים,שפרעם,76.0,9,2024-06-21,2024-06-21,"רכב אלעלאא שפרעם 
יונדאי וניו שנת 2021 , מנוע 1600, יד 00 ליסינג , ק""מ : 116,000 , טסט מאלה .",אפור,116000.0,241.0
7,יונדאי,2014,i30,2,אוטומטית,1600.0,בנזין,ליסינג,פרטית,ירושלים והסביבה,ירושלים,29000.0,0,2024-06-28,2024-06-28,נמכר לאחרי קבלת רכב מכבודה,כסוף מטאלי,250000.0,
8,יונדאי,2018,איוניק,2,אוטומטית,1600.0,היבריד,ליסינג,פרטית,אשדוד - אשקלון,אשקלון,65.0,3,2024-03-27,2024-03-27,רכב חדש מתחייב בדיקה גמיש במחיר,שחור,149000.0,241.0
9,יונדאי,2018,איוניק,2,אוטומטית,1600.0,בנזין,ליסינג,פרטית,ירושלים והסביבה,ירושלים,78.0,6,2024-03-18,2024-03-18,"רכב במצב חדש 
טסט עד יולי 
הוחלפו צימיגים חדשים 
רכב אמין וחזק ",כסוף מטאלי,90000.0,
10,יונדאי,2016,i25,1,אוטומטית,1600.0,בנזין,פרטית,פרטית,חולון - בת ים,בת ים,45000.0,3,2023-09-10,2024-03-11,,לבן,130000.0,
11,יונדאי,2017,i25,1,אוטומטית,1600.0,בנזין,פרטית,פרטית,חולון - בת ים,בת ים,45000.0,4,2023-09-10,2024-03-11,"שמורה היטב ללא תאונות
מטופלת במוסך מורשה 
מנו 1600 קיים מבחר",לבן,140000.0,
12,יונדאי,2016,סונטה,4,אוטומטית,1900.0,היבריד,פרטית,פרטית,פתח תקוה והסביבה,פתח תקווה,65000.0,3,2024-02-14,2024-02-14,מומלץ בחום רכב מאוד נוח וחסכוני ,אפור,135000.0,
13,יונדאי,2018,סונטה,3,אוטומטית,2000.0,היבריד,ליסינג,פרטית,בית שמש והסביבה,בית שמש,92500.0,5,2024-02-09,2024-02-09,רכב ברמה מוד גבוה חימום וגירור בכסאות חלון בגג ועוד מלא פינוקים....,שחור,112000.0,
14,יונדאי,2016,ולוסטר,5,אוטומטית,1600.0,בנזין,פרטית,פרטית,קריות,קרית אתא,57000.0,7,2024-01-30,2024-01-30,"יונדאי ולוסטר עלית (140כוח )2016 דגם אחרון שהושק בישראל 
ק״מ 125000
יד 04
היסטוריה - רכב מטופל במוסך יונדאי ומטופל כל 8 אלף שמור בקפדנות מעל יתר נסיעה חלקה 
הוחלף לפני שנה -צמיגים 4 חדשים ,מצבר , משולשים חדשים ,צמיגים 
עבר טיפול בחודש 12/23 
טסט עד 1/25
תוספות שיש לו 
8 רמקולים אחד מהם סאב מובנה מהחברה 
בקרת שיוט ,אקו ,שליטה מהגה ,מולטימדיה ,,חלונות מושחרים האוטו ללא פגיעות מתחייב בבדיקה גיר מנוע שילדה
*לא בשבת*",כסוף מטאלי,125000.0,182.0
15,יונדאי,2019,i20,2,אוטומטית,1000.0,בנזין,פרטית,פרטית,ירושלים והסביבה,ירושלים,70000.0,5,2024-01-23,2024-01-23,"הרכב במצב ממש מעולה, רכב חסכוני!
גמישה במחיר",שחור,112000.0,
16,יונדאי,2019,איוניק,2,אוטומטית,1600.0,היבריד,ליסינג,פרטית,אשדוד - אשקלון,קרית מלאכי,74000.0,4,2024-01-13,2024-01-18,"דגם פרימיום, היברידי
שמור ומטופל בקפדנות. יד שנייה מרופא (לעתיד)
אחרי טיפול + טסט ארוך.
מערכת מולטימדיה, מערכות בטיחות מתקדמות, שליטה מההגה ועוד מגוון פינוקים. 
הרכב במצב מושלם. מתחייב בבדיקה- גיר, מנוע ושלדה.
 
נמכר עקב חוסר שימוש (מעבר ללימודים בחול) 
מציאה למהירי החלטה. 
דורש מחיר מחירון משוקלל. גמיש מעט, במעמד המכירה.",לבן,144000.0,
17,יונדאי,2018,איוניק,2,אוטומטית,1600.0,בנזין,ליסינג,פרטית,מודיעין והסביבה,מודיעין,90000.0,1,2024-01-11,2024-01-11,יודאי איוניק במצב מצויין ,שחור,60000.0,
18,יונדאי,2018,אלנטרה,4,אוטומטית,1600.0,בנזין,פרטית,פרטית,ירושלים והסביבה,ירושלים,65000.0,7,2023-10-03,2023-11-02,"רכב שמור ומטופל, פרטים בטלפון. לא בשבת",שחור,142000.0,
19,יונדאי,2014,i25,4,אוטומטית,1400.0,בנזין,פרטית,פרטית,נתניה והסביבה,נתניה,28500.0,1,2023-11-01,2023-11-01,עבר טיפול בתאריך -24.10.23 ,אפור,165000.0,
20,יונדאי,2017,איוניק,1,אוטומטית,1600.0,היבריד,פרטית,פרטית,גליל ועמקים,יובלים,84000.0,6,2023-10-25,2023-10-25,דגם supreme במצב מעולה. טופל קבוע במוסך מורשה. בטיחותי וחסכוני. שומש כרכב שני. גמישות במחיר,שחור,87000.0,
21,יונדאי,2022,סונטה,1,אוטומטית,1600.0,היבריד,אחר,פרטית,נתניה והסביבה,נתניה,160000.0,14,2023-10-23,2023-10-23,"חדש ללא תאונות, ללא שריטות או סימני שימוש כמו בחנות",לבן,27000.0,
22,יונדאי,2021,סונטה,2,אוטומטית,2000.0,בנזין,פרטית,פרטית,ירושלים והסביבה,ירושלים,149000.0,4,2023-10-18,2023-10-18,"הרכב באחריות חברה, הדגם המאובזר ביותר, חלון בגג, לוח שעונים דיגטלי, מצלמה בעת איתות, חימום/קירור בכסאות, חימום הגה, כסאות עור, זכרונות במושב הנהג, תאורת לד, משטח טעינה לטלפון, רמקולים איכותיים מבית BOSE, חסכוני מאוד, כ1000 קמ למיכל",שחור,82000.0,
23,יונדאי,2021,סונטה,1,אוטומטית,2000.0,היבריד,פרטית,פרטית,באר שבע והסביבה,באר שבע,158000.0,3,2023-10-13,2023-10-17,"רכב מצויין ללא תקלות יש אחריות מלאה עד 5 שנים או 100 ק""מ על ההיבריד ו 7 שנים או 150 ק""מ על מערכת חשמל מחירון 167 000 יש אפשרות להוריד טיפה במחיר ליד הרכב ",לבן,55800.0,
24,יונדאי,2022,i30N,1,אוטומטית,1600.0,בנזין,פרטית,פרטית,חיפה וחוף הכרמל,חיפה,155000.0,1,2024-05-16,2024-05-16,"רכב חדש לא נסע כמעט מציאה 
כל מילה נוספת מיותרת . 

אייל 0543384987
",לבן,15500.0,302.0
25,יונדאי,2018,i25,1,אוטומטית,1400.0,בנזין,פרטית,פרטית,אשדוד - אשקלון,אשקלון,66000.0,7,2023-09-21,2023-09-26,"רכב במצב חדש,
מוביליי,מולטימדיה מקורית,
ללא תאונות,מצבר חדש,יד 1.",אפור מטאלי,55100.0,
26,יונדאי,2022,i10,1,אוטומטית,1200.0,בנזין,פרטית,פרטית,אשדוד - אשקלון,אשדוד,80000.0,4,2023-09-13,2023-09-13,"רכב חדש, חסכוני, דורש מחירון",אפור מטאלי,8000.0,
27,יונדאי,2015,i35,2,אוטומטית,1600.0,בנזין,ליסינג,ליסינג,טבריה והסביבה,מגאר,44000.0,3,2023-09-12,2023-09-12,..,לבן,190000.0,
28,יונדאי,2019,איוניק,1,אוטומטית,800.0,חשמלי,פרטית,פרטית,ירושלים והסביבה,ירושלים,95000.0,3,2023-08-28,2023-08-28,"Experience the future of driving with our White 2019 Hyundai Ioniq 3 Electric Car. This eco-friendly marvel combines style and efficiency in one package. Enjoy emission-free journeys, modern features, and a well-maintained electric vehicle. Your chance to embrace sustainable driving is here.

Key Features:

Year: 2019
Color: White
Eco-Friendly: Zero-emission electric powertrain
Efficiency: Impressive electric range
Modern: Sleek design, contemporary interior
Tech-Savvy: Infotainment and safety features
Mileage: Well-maintained
Sustainability: Reduce your carbon footprint

Don't miss out on this opportunity to own a cutting-edge electric car that's as stylish as it is environmentally conscious. Contact us to arrange a test drive today.",לבן,63000.0,
29,יונדאי,2017,i10,2,אוטומטית,1000.0,בנזין,פרטית,ליסינג,רמת גן - גבעתיים,רמת גן,44000.0,4,2023-08-26,2023-08-26,"יונדאי i10 2017 premium

רכב שמור של אדם מבוגר נהג יחיד, טיפולים בזמן, הרכב חנה רק בחנייה מקורה, נסיעות קצרות בלבד, כולל מערכת מוביליי המוזיל את עלויות הביטוח!!!",לבן,70000.0,
30,יונדאי,2020,i10,1,אוטומטית,1200.0,בנזין,אחר,פרטית,באר שבע והסביבה,קרית גת,78000.0,4,2023-08-16,2023-08-16,"רכב שמור כמו חדש, רק 8000 ק""מ",לבן,8000.0,
31,יונדאי,2019,איוניק,2,אוטומטית,1600.0,היבריד,השכרה,פרטית,באר שבע והסביבה,באר שבע,89000.0,3,2023-07-21,2023-08-13,"איוניק 2019.יד שנייה.השכרה/החכר לשעבר.
82000 קמ.
במצב מצויין.השחרת חלונות,גג דמוי פאנוראמי.חסכוני מאד בדלק",לבן פנינה,82000.0,
32,יונדאי,2017,איוניק,2,אוטומטית,1600.0,היבריד,חברה,פרטית,מודיעין והסביבה,מודיעין מכבים רעות,715000.0,6,2023-08-14,2023-08-13,"רכב שמור, בבקשה רק רציניים ולא בשבת. צמיגים חדשים. טיפול גדול + מצבר חדש לפני שבוע וחצי. בבעלותי 3 שנים. היד הקודמת היה בן אדם פרטי שעבד בחברה. לא זמין בוואצאפ, אך ורק בSMS ושיחות. *מבן אדם פרטי* מוכר מתחת למחירון כולל מצלמת רוורס + מערכת מולטימדיה מלאה. מערכת בלימה אוטונומית. שליטה מלאה מההגה. זיהוי הולכי רגל + שמירה על נתיב. זמין גם באיזור הדרום.
",אפור מטאלי,139000.0,
33,יונדאי,2016,סונטה,5,אוטומטית,2000.0,היבריד,פרטית,פרטית,רמת גן - גבעתיים,בני ברק,70000.0,2,2023-07-24,2023-07-24,"יונדאי סונטה היברידית מצב מעולה חסכונית הרכב נסע 100000 קמ 
יש סריטות או מכות קלות פה ושם 
חוץ מזה הרכב נוסע מעולה ומפנק מאוד",לבן פנינה,100000.0,
34,יונדאי,2015,i20,3,אוטומטית,1400.0,בנזין,פרטית,פרטית,"ראשל""צ והסביבה",ראשון לציון,46000.0,3,2023-07-23,2023-07-23,"יונדאי I 20 שמורה מאוד עברה ידיים במשפחה כמובן פרטי לגמרי נקייה מתאונות 
מעולם לא ראתה מוסך שלא לצורך טיפול 
רכב אמין ושימושי 
לפרטים נוספים בטלפון",לבן,112000.0,
35,יונדאי,2020,אקסנט/,1,אוטומטית,1600.0,בנזין,פרטית,פרטית,ירושלים והסביבה,ירושלים,88000.0,2,2023-07-23,2023-07-23,"רכב שמור ומתוחזק במצב מעולה. עבר טיפולים שנתיים במוסך יונדאי בלבד, כולל מעבר טסט ביולי 2023. 35,500 קמ בלבד.",כסוף,35500.0,
36,יונדאי,2019,איוניק,2,אוטומטית,1600.0,היבריד,פרטית,פרטית,אשדוד - אשקלון,אשדוד,90000.0,11,2023-07-11,2023-07-12,"רכב שמור בקנאות!!!
טיפולים במוסך מורשה של יונדאי בלבד!
היסטוריית טיפולים מלאה!
הוחלפו החודש צמיגים חדשים ובלמים קדמיים.
נהג יחיד ללא תאונות 
הושקע מצלמת דרך וחניה קידמי ואחורי 24/7 
טסט עד 01/24 
גמיש!! לרצינים על הרכב.",לבן,97000.0,
37,יונדאי,2015,i35,2,אוטומטית,1600.0,בנזין,פרטית,פרטית,רעננה - כפר סבא,רעננה,51000.0,2,2023-07-11,2023-07-11,"רכב שמור בקנאות
מוכרת עקב קבלת רכב חברה",כחול כהה מטאלי,144000.0,
38,יונדאי,2018,i10,2,אוטומטית,1200.0,בנזין,ליסינג,פרטית,באר שבע והסביבה,באר שבע,55000.0,3,2023-07-08,2023-07-08,,אפור עכבר,90000.0,
39,יונדאי,2015,i10,3,אוטומטית,1000.0,בנזין,פרטית,פרטית,,באקה א שרקיה,40000.0,4,2023-05-25,2023-07-08,,שחור,115000.0,
40,יונדאי,2015,i10,3,אוטומטית,1000.0,בנזין,פרטית,פרטית,,באקה א שרקיה,38500.0,3,2023-07-08,2023-07-08,"רכב מאוד חסכוני כמו חדש 
מתאים לבנות ",שחור,115000.0,
41,יונדאי,2017,סונטה,3,אוטומטית,2000.0,בנזין,פרטית,פרטית,ירושלים והסביבה,ירושלים,92000.0,2,2023-07-06,2023-07-05,רכב מקסים כל הקודם זוכה טסט לשנה,לבן,102000.0,
42,יונדאי,2019,i20,2,אוטומטית,1000.0,בנזין,פרטית,פרטית,הוד השרון והסביבה,הוד השרון,67000.0,4,2023-07-04,2023-07-03,"מציאה-מפרטי רכב מצב מצויין שמור בקנאות ,
80,000 ק״מ 
מחיר - 67,000₪ 
2019
מטופל ע״פ יצרן רק במוסך מורשה ללא תאונות,ללא מכות דגם (prestige) שחור יד שנייה בעלות פרטית,ברכב מערכת מולטימדיה+וויז+מצלמת רוורס)כמובן הכול מקורי חלונות ותקרת רכב כהים וחישוקי מגנזיום .חלונות אוטומטיים. שמור בקנאות 
יוסי
0547070671",שחור,80000.0,
43,יונדאי,2014,i10,2,ידנית,1000.0,בנזין,פרטית,פרטית,אשדוד - אשקלון,גן יבנה,21000.0,5,2023-06-28,2023-06-28,"הרכב במצב מעולה , עובר טיפולים כרגיל , גיר ידני, התמונות מדברות בעד עצמן הרכב באמצע במצב פיקס, יש לציין שהמחירון הרבה יותר גבוה מהמחיר הנדרש",לבן,142500.0,
44,יונדאי,2021,וניו,1,אוטומטית,1600.0,בנזין,פרטית,פרטית,"ראשל""צ והסביבה",ראשון לציון,110000.0,1,2023-06-21,2023-06-21,"עקב נסיעה.
רכב שמור ,לאחר טיפול ,אחריות יצרן 3 שנים ,חדש.
",אפור מטאלי,11000.0,
45,יונדאי,2023,איוניק,1,אוטומטית,2000.0,חשמלי,חברה,פרטית,נס ציונה - רחובות,מזכרת בתיה,255000.0,2,2023-06-17,2023-06-17,"ונדאי איוניר 5 חדשה מהחברה! 0 קילומטר, נמכרת עקב המתנה ארוכה ורכישת רכש אחר, צבע בטון מדהים, עם 217 כוחות סוס, גג פנורמי, חימום וקירור בכסאות, עם זכרונות כיסאות אחוריים חשמליים, חימום בהגה ועוד הרבה פינוקים. 
האוטו צפוי להגיע בחודש הקרוב!",אפור עכבר,,
46,יונדאי,2016,i10,2,ידנית,1000.0,בנזין,פרטית,פרטית,חיפה וחוף הכרמל,עתלית,29800.0,7,2023-06-15,2023-06-15,"ב-ה-ז-ד-מ-נ-ו-ת !!!!
יונדאי i10 שנת 2016 
 גיר ידני חסכונית בדלק 1:17 . יד שנייה פרטית ( ראשונה פרטי ) היסטוריית טיפולים . 116,000 ק""מ . 
מחירון 34,800 שקל .
מחיר מכירה 29,800 שקל !! 
*** לא סוחר , מאדם פרטי מחיר לבוא לקחת ולהינות ***",אפור מטאלי,116000.0,
47,יונדאי,2021,סונטה,1,אוטומטית,2000.0,היבריד,פרטית,פרטית,נתניה והסביבה,נתניה,161000.0,3,2023-06-15,2023-06-15,"דגם פרימיום ,רכב מנהלים ,יד ראשונה נקנה על ידי מיונדאי,נהג יחיד גם בביטוח,שמורה
מחירון 168000
רכב נקי מתאונות ,מטופל
באחריות החברה",כסוף מטאלי,42000.0,
48,יונדאי,2017,איוניק,3,אוטומטית,1600.0,היבריד,פרטית,פרטית,קריות,קרית ים,71000.0,4,2023-05-12,2023-06-04,"יונדאי איוניק 2017 חסכונית בטירוף
יד 02
130 k קילומטר
לרציניים בלבד",כסוף,130000.0,
49,יונדאי,2017,סונטה,1,אוטומטית,2000.0,היבריד,ליסינג,פרטית,נס ציונה - רחובות,מזכרת בתיה,79000.0,4,2023-06-04,2023-06-04,"יונדאי סונטה, שנת 2017
79,000 ₪
98,000 ק""מ, אוטומטית
לבן, נפח 2000 סמ""ק
אזור מכירה: נס ציונה - רחובות
בעלות פרטית
מפרסם פרטי
איש קשר: אבנר
טלפון 1: 050-6222220
טלפון 2: 058-7333339
רכב שמור ומטופל .ללא תאונות ומכות פח. מצב מכני מעולה .רכב שחונה באזור מקורה .יד ראשונה .מצוינת. מטאלי .חשמלי.
מזגן,
",לבן פנינה,98000.0,
50,יונדאי,2017,איוניק,3,אוטומטית,1800.0,היבריד,פרטית,פרטית,פרדס חנה - כרכור,חריש,85000.0,5,2023-05-12,2023-06-03,"שמור בקפידה רכב חסכוני מאוד גר בחריש 
דגם הפרימיום ספורטיבי גמיש רק 75 אלף קמ ",אפור מטאלי,73000.0,
51,יונדאי,2016,אלנטרה,2,אוטומטית,1600.0,בנזין,פרטית,פרטית,באר שבע והסביבה,להבים,55500.0,6,2023-05-19,2023-05-31,"טסט שנה 
מסך DVD
מצלמה רוורס 
מערכת מובילאיי 
מצבי נהיגה ECO/SPORT 
רכב במצב חדש שמור ומטופל בזמן חסכוני ואמין גמיש לרצינים 
אם לא עונה לשלוח הודעה ואחזור בהקדם",אפור עכבר,148000.0,
52,יונדאי,2021,סונטה,1,אוטומטית,2000.0,היבריד,פרטית,פרטית,באר שבע והסביבה,באר שבע,181000.0,6,2023-05-25,2023-05-28,"בעקבות הזמנה חדשה של רכב הבא שלי!
**חייב להימכר עד 30.5.23‼️**

אני מוכר את יונדאי סונטה היבריד 2021
יד 00
טסט בינואר 
עם כל התוספות מלאות מהחברה
קילומטראז 34,400 - הרכב עובר טיפולים בזמן במוסך של החברה (יש תיעוד) 
במצב כמו חדש ללא עבר של תאונות/שריטות
עם היסטוריה של נהג אחד, ללא ילדים 
ושילמתי עבור בדיקת רכב (24.05.23)למי שרוצה בדיקה 🙂
מוכר לפי מחירון רכב, גמיש לרציניים
לא להתקשר!- אני חירש 🧏🏼‍♂️
רק הודעות/וואסטפ לפנות אליי
0503357541
**חייב להימכר עד 30.5.23‼️**",לבן פנינה,34400.0,
53,יונדאי,2017,אלנטרה,2,אוטומטית,1600.0,בנזין,פרטית,פרטית,פתח תקוה והסביבה,פתח תקווה,68000.0,3,2023-05-10,2023-05-14,רכב חדש לחלוטין ,כסוף,53000.0,
54,יונדאי,2019,אלנטרה,1,אוטומטית,1600.0,בנזין,ליסינג,פרטית,,נאעורה,92000.0,2,2023-05-13,2023-05-13,"
תאריך עליה לכביש:12/2019
רכב שמור מאד ומטופל יד ראשונה כולל חלון גג נפתח,שליטה מההגה,מערכת מולטימדיה,מערכות סטייה מנתיב טסט ארוך ועוד..",אפור עכבר,56000.0,151.0
55,יונדאי,2021,סונטה,1,אוטומטית,2000.0,היבריד,פרטית,פרטית,זכרון - בנימינה,בנימינה גבעת עדה,185000.0,3,2023-05-10,2023-05-10,"רכב שמור ביותר!!!
נמכר עקב קבלת רכב מהעבודה...

רכב מעולה, מפנק ביותר וכיפי לנהיגה.
מלא פונקציות,
כסאות עור חום בהיר
חימום וקירור מושבים קדמיים
מצלמת דרך קדמית ואחורית
אחריות מורחבת ל5 שנים",כחול כהה מטאלי,27500.0,
56,יונדאי,2021,i10,1,רובוטית,1200.0,בנזין,פרטית,פרטית,ירושלים והסביבה,צור הדסה,81000.0,5,2023-05-01,2023-04-30,"✅ יונדאי i 10
✅ שנה : 2021
✅ אוטומט
✅ מנוע 1197
✅ כ״ס ( 84 )
✅ יד 01 פרטית !
✅ 30,000 קמ
✅ צבע : לבן עם גג שחור
✅ מצלמת רוורס וחיישנים !
✅מערכת מולטימדיה מובנית ( עם אפל קארפליי מובנה )
✅ שמורה בקנאות !
✅ עוברת טיפולים על ידי מוסך מורשה !",לבן מטאלי,30000.0,
57,יונדאי,2022,ג'נסיס,1,אוטומטית,2500.0,בנזין,פרטית,פרטית,ירושלים והסביבה,מבשרת ציון,379800.0,4,2023-04-16,2023-04-20,"ג'נסיס G80 לקצ'ורי מנהלים יוקרתית מהיוקרה של יונדאי, 
מנוע 2.5 טורבו בנזין המפיק 304 כ""ס. 
6 טיפולים ראשונים חינם בחברה וגם איסוף הרכב מהבית.
רושם פה רק חלק מהמפרט- מושבי עור חשמליים עם קירור חימום ומסאג', גג פנוראמי, מצלמות 360 היקפיות, בלימת חירום אוטונומית בנסיעה לאחור, התרעת רכב חולף בשטח מת ובפתיחת דלת, זיהוי הולכי רגל, זיהוי דו גלגלי, בקרת שיוט אדפטיבית, דלתות וואקום, וילון חשמלי, משטח טעינה, דלת תא מטען חשמלית",לבן שנהב,7620.0,
58,יונדאי,2017,איוניק,3,אוטומטית,1600.0,בנזין,פרטית,פרטית,תל אביב,תל אביב יפו,70000.0,3,2023-04-16,2023-04-17,אוטומעולה הכל צקין ועובד נסיעה בובה כיפית יש מולטימדיה מצלמת רוורס ועוד יש לה טסט לשנה חיסכונית בהכל ובמיוחד בדלק לא שומעים שום רעש לא מנוע כלום עושה תעבודה היא טסה בכביש מוכר אותה בגלל שאני מביא רכב גדול ,כסוף,172000.0,
59,יונדאי,2019,איוניק,2,אוטומטית,1600.0,היבריד,פרטית,פרטית,גליל ועמקים,צפת,98000.0,5,2023-04-09,2023-04-09,רכב שמור מאוד כחדש ללא תאונות ,כסוף מטאלי,106000.0,
60,יונדאי,2019,איוניק,3,אוטומטית,1600.0,היבריד,חברה,פרטית,נתניה והסביבה,נתניה,90000.0,1,2023-04-02,2023-04-02,"רכב שמור מאוד ומטופל בזמן, צמיגים חדשים אחריות סוללה עד 2026 רכב משפחתי נוח כמו חדש",אפור מטאלי,114000.0,
61,יונדאי,2017,i30,2,אוטומטית,1600.0,בנזין,ליסינג,פרטית,קריות,קרית אתא,57000.0,5,2023-03-20,2023-03-21,"מנוע 1.6, רמת גימור פרימיום premium הגבוהה ביותר ומאובזרת עם גג פנוראמי, מערכת מולטימדיה עם שליטה דרך ההגה ושלל תוספות. 

ק""מ 146,000
יד שנייה פרטית, נהג יחיד. ליסינג לשעבר.

תוספות: mobileye מקורי, מצלמת דרכים
טסט ארוך עד ינואר 24, אוטו שמור ומטופל בזמן אך ורק במוסך של יונדאי בחיפה, כל הקבלות שמורות.",אפור עכבר,146000.0,
62,יונדאי,2014,i25,2,אוטומטית,1600.0,בנזין,ליסינג,פרטית,מודיעין והסביבה,מודיעין,40000.0,9,2023-03-01,2023-03-01,"שמורה,מאשה,165000 קמ עם מנוע ומצבר חדש. במודיעין. גמישים בבדיקה.",כסוף מטאלי,165000.0,
63,יונדאי,2019,i20,2,אוטומטית,1000.0,בנזין,אחר,פרטית,נס ציונה - רחובות,קרית עקרון,78000.0,3,2023-01-23,2023-02-20,"בס""ד
יונדאי I20 prime שנת 2019
רכב חסכוני בטירוף ואמין!
יד 01 פרטית - נקנה מטריידמוביל 0 ק""מ
טסט עד פברואר 2024!
קילומטר: 35,000 בלבד !!
מטופל רק במוסך יונדאי המרכזי
מערכת מולטימדיה+חישוקי מגנזיום+מערכת מובילאי+מצלמת רוורס
שמור בקנאות ללא תאונות!
לרציניים בלבד, לא בשבת .",תכלת מטאלי,35000.0,
64,יונדאי,2014,i30,3,אוטומטית,1500.0,בנזין,פרטית,פרטית,רמת גן - גבעתיים,בני ברק,26000.0,5,2023-02-13,2023-02-13,"רכב יונדאי i30 סטיישן במצב מכני וחיצוני מעולה! רכב מטופל בזמן ללא תקלות!! מושקע, מערכת אנדרואיד מותקנת , מצלמת רוורס , חסכון בדלק ECO , שילדה במצב חדש ! צמיגים ודסקיות חדשים ! פגז' גדול ומרווח . פשוט לקנות ולנסוע .. מחליף בגלל שהמשפחה גדלה . אין תמונות כי לא מצליח להעלות אותם , אשלח בפרטי לא להתקשר בשבת",אפור עכבר,216000.0,
65,יונדאי,2014,i35,2,אוטומטית,1600.0,בנזין,פרטית,פרטית,כרמיאל והסביבה,כרמיאל,,8,2023-01-13,2023-01-27,"הרכב בצבע אדום, מצב מכני מעולה.
יש טסט לשנה.
גמיש במחיר ליד הרכב",אדום,174000.0,
66,יונדאי,2018,i25,1,אוטומטית,1600.0,בנזין,פרטית,פרטית,חולון - בת ים,בת ים,60000.0,3,2023-08-27,2024-03-11,שמורה היטב ללא תאונות,לבן,95000.0,
67,יונדאי,2020,i10,1,אוטומטית,1200.0,בנזין,אחר,פרטית,גליל ועמקים,בית שאן,71500.0,6,2022-11-29,2022-11-29,"הדוגמנית למכירה עקב לימודים🌟
יונדאי I10 דגם סופרים 84 כ״ס אוטומט 1200סמ״ק צבע אפור מבריק גג שחור שנת 2020 עם 55000אלף ק״מ בלבד. רכב חדש כמו לקנות מהחברה חלונות חשמל מגנזיום וכל התוספות הנלוות. טסט עד מאי 2023. לרציניים בלבד. לפרטים
0529435670
מחירון 71,150. מי שרציני אני לא בעייתי",אפור מטאלי,55000.0,
68,יונדאי,2016,סונטה,2,אוטומטית,2000.0,,,,טבריה והסביבה,טבריה,89000.0,1,2022-11-01,2022-11-01,רכב שמור מאוד כולל תוספות טיפולים במוסך יונדאי מורשה &lt;br/&gt;&lt;br/&gt;פירוט:&lt;br/&gt; מסכים ,,149000.0,
69,יונדאי,2016,i10,1,אוטומטית,998.0,בנזין,,,רמת השרון - הרצליה,הרצליה,45000.0,1,2022-10-31,2022-10-31,"רכב נפלא, יד ראשונה פרטי. נמכר עקב מעבר לרכב משפחתי גדול. לאחר טיפול גדול במוסך רשמי + החלפת בלמים + החלפת גלגלים לגלגלי good year (יש קבלות ואחריות). ישנן שריטות פח, ניתן לראות בתמונות. &lt;br/&gt;&lt;br/&gt;פירוט:&lt;br/&gt; מובילאיי",,108850.0,
70,יונדאי,2016,i25,3,אוטומטית,1600.0,בנזין,,,גדרה יבנה והסביבה,יבנה,55000.0,1,2022-10-29,2022-10-29,"רכב מהמם במצב מצויין עם טסט לשנה
ללא תאונות או שריטות
כל הקודם זוכה!!! &lt;br/&gt;&lt;br/&gt;פירוט:&lt;br/&gt; כולל מערכת מולטמדיה",,132000.0,
71,יונדאי,2019,איוניק,1,אוטומטית,1600.0,,,,רמת גן - גבעתיים,בני ברק,110000.0,1,2022-10-29,2022-10-29,"איוניק 2019 יד ראשונה, 40,000 ק”מ, שמורה מאד, נהג יחיד, נראה חדש, מוכר כי המשפחה גדלה, חיסכוני, רחב תא מטען גדול,תאוצה חזקה.
גמיש. זמין גם בוואצפ &lt;br/&gt;&lt;br/&gt;פירוט:&lt;br/&gt; מערכת מולטימדיה עם וויז מובנה, חיישני רוורס, חישוקי מגנזיום. ",,40000.0,
72,יונדאי,2022,סונטה,1,אוטומטית,2000.0,בנזין,,,טבריה והסביבה,טבריה,210000.0,1,2022-10-28,2022-10-28,"רכב חדש עלה לכביש בחודש 2.2022
הדגם המפואר ",,19000.0,
73,יונדאי,2015,i20,1,אוטומטית,1368.0,בנזין,,,תל אביב,תל אביב יפו,60000.0,1,2022-10-25,2022-10-25,"יונדאי i20 אינספייר החדשה
בבעלותה של אמי בת ה 75 שהפסיקה לנהוג
1. רכב יד ראשונה
2. נסע רק 28,000 קמ ובמצב מצוין.
3. מתחייב לשילדה, מנוע וגיר בבדיקה
4. טסט עד ספ׳ 2023
5. עבר את כל הטיפולים במוסך מורשה יונדאי (כולל היסטוריית טיפולים)
6. ח. מגנזיום
7. Mobileye &lt;br/&gt;&lt;br/&gt;פירוט:&lt;br/&gt; ח. מגנזיום
 Mobileye",,28000.0,
74,יונדאי,2022,סונטה,1,אוטומטית,2000.0,בנזין,,,טבריה והסביבה,טבריה,210000.0,1,2022-10-25,2022-10-25,"רכב חדש הדגם המפואר לימטיד
עלה לכביש 2.022
נימכר עקב קנית בית &lt;br/&gt;&lt;br/&gt;פירוט:&lt;br/&gt; כל התוספות והשיכלולים שייש ",,19000.0,
75,יונדאי,2017,איוניק,2,אוטומטית,1580.0,,,,חולון - בת ים,חולון,102000.0,1,2022-10-24,2022-10-24,רכב שמור נקי קילומטראז נמוך כמו חדש,,37500.0,
76,יונדאי,2017,i20,2,אוטומטית,1400.0,בנזין,,,עכו - נהריה,נהריה,56000.0,1,2022-10-24,2022-10-24,"רכב שמור ומטופל במוסך מורשה, כולל טסט",,134000.0,
77,יונדאי,2014,i30,4,אוטומטית,1600.0,בנזין,,,ראש העין והסביבה,אלעד,37000.0,1,2022-10-21,2022-10-21,הרכב במצב מעולה ממש נוסע טוב יש לו חווית נסיעה מעולה לא עושה בעיות &lt;br/&gt;&lt;br/&gt;פירוט:&lt;br/&gt; יש לו מערכת מולטימדיה טובה,,193000.0,
78,יונדאי,2019,איוניק,1,אוטומטית,2000.0,בנזין,,,ירושלים והסביבה,ירושלים,80000.0,1,2022-10-19,2022-10-19,רכב שמור ביותר טופל אך ורק בחברה כל הקודם זוכה,,220000.0,
79,יונדאי,2019,אלנטרה,1,אוטומטית,1591.0,בנזין,,,פתח תקוה והסביבה,פתח תקווה,91700.0,1,2022-10-19,2022-10-19," יונדאי אלנטרה דגם מפואר עם גג נפתח! שמורה ומטופלת בזמן!
רכב שמור, שימש לנסיעות תוך עירוניות ע""י נהגת אחת עיקרית 
",,61600.0,
80,יונדאי,2014,i10,1,אוטומטית,1000.0,בנזין,,,,ראובן ובת שבע,29000.0,1,2022-10-18,2022-10-18,יד ראשונה מיבואן מצב מעולה מטופלת במצב מעולה ! מכירה עקב רכישת של רכב חדש ! &lt;br/&gt;&lt;br/&gt;פירוט:&lt;br/&gt; מולטימדיה ורמקולים. ,,,
81,יונדאי,2015,i10,1,אוטומטית,1250.0,בנזין,,,עכו - נהריה,עכו,37000.0,1,2022-10-17,2022-10-17,אוטו שמור מתחיב בבדיקה,,180000.0,
82,יונדאי,2019,i20,2,אוטומטית,1000.0,בנזין,ליסינג,פרטית,פתח תקוה והסביבה,פתח תקווה,81000.0,3,2022-10-11,2022-10-15,"יונדאי I20 דגם פריים מנוע 1000 טורבו קילומטרז נמוך!! 15 אלף
האוטו חדש לגמרי
נקנה מליסינג מאדם מבוגר שלא נסע.
מולטימדיה של יונדאי מקורית.
זמינות סוף אוקטובר
לא גמיש",כסוף,15000.0,
83,יונדאי,2016,i10,1,אוטומטית,1000.0,בנזין,,,הוד השרון והסביבה,הוד השרון,42000.0,1,2022-10-14,2022-10-14,"רכב מהמם במצב מעולה, שמור , מטופל באופן קבוע אצל מוסך מורשה, טסט עד יולי 2023. הרכב נסע מעט מאוד. נקי ומתוחזק היטב. כל הקודם יזכה. 
לאחר בדיקה מחיר מחירון 44,600.
מבקשים 42,000",,82000.0,
84,יונדאי,2019,i10,1,אוטומטית,1250.0,בנזין,,,באר שבע והסביבה,קרית גת,63000.0,1,2022-10-12,2022-10-12,"למכירה! יונדאי i10 שנת 2019 צבע שחור 79,000 ק״מ רכב במצב חדש (עדיין עם ניילונים) הרכב ללא תאונות או תיקוני צבע רכב שמור מאוד &lt;br/&gt;&lt;br/&gt;פירוט:&lt;br/&gt; המון תוספות * מגני רוח * שמשות אחוריות כהות * מערכת מולטימדיה מתקדמת * ידיות מניקל ועוד הרבה שדרוגים....
צור קשר",,79000.0,
85,יונדאי,2019,i10,1,אוטומטית,1200.0,בנזין,,,באר שבע והסביבה,באר שבע,,1,2022-10-12,2022-10-12,"רכב במצב חברה נהגת יחידה, השימוש ברכב נסיעות קצרות בעיר בלבד רכב במצב חדש.",,14000.0,
86,יונדאי,2016,סונטה,2,אוטומטית,1999.0,,,,נתניה והסביבה,כפר יונה,99960.0,1,2022-10-10,2022-10-10,"רכב שמור מאוד, מטופל במוסך שיא, יונדאי נתניה. טסט עד אוגוסט 2023. צריכת דלק 1:18 בינעירוני ו-1:15 עירוני. &lt;br/&gt;&lt;br/&gt;פירוט:&lt;br/&gt; דגם LTD היברידי טורבו, Sunroof, מושבי עור בז, מערכת מולטימדיה מקורית של יונדאי.",,107000.0,
87,יונדאי,2016,i10,1,אוטומטית,1240.0,בנזין,,,,בניה,49000.0,1,2022-10-03,2022-10-03,"בובה שמורה , נקייה . כמו חדשה &lt;br/&gt;&lt;br/&gt;פירוט:&lt;br/&gt; מערכת מולטימדיה משודרגת",,89000.0,
88,יונדאי,2015,i25,3,אוטומטית,1400.0,בנזין,,,אשדוד - אשקלון,אשדוד,40000.0,1,2022-10-03,2022-10-03,רכב שמור שמור להתקשר בפלאפון &lt;br/&gt;&lt;br/&gt;פירוט:&lt;br/&gt; שמור להתקשר בפפלאפון,,155000.0,
89,יונדאי,2017,i25,2,אוטומטית,1400.0,בנזין,השכרה,פרטית,יישובי השומרון,כפר תפוח,53000.0,4,2022-10-02,2022-10-02,"יונדאי i25 Inspire מודל 2017 אוטומטית לבנה. 
שמורה ומטופלת. 
קילומטראז 109,000 ק״מ. אחרי טיפול 105,000.
יד 01 ברשיון מהשכרה. 
טסט עד סוף 06/23
מחירון. גמיש. 
054-8132245 לא בשבת וחג.",לבן,109000.0,
90,יונדאי,2018,סונטה,2,אוטומטית,2000.0,בנזין,,,עכו - נהריה,עכו,109000.0,1,2022-10-01,2022-10-01,"יונדאי טוסון 2018
??רמת גימור: prime plus
??אוטומט
??יד שניה פרטית !
??תאריך עליה לכביש - 1/1/18
??54 אלף ק""מ
??מנוע : 2000
??155 כוח סוס
??חישוקי מגנזיום
??מדרגות צד
??מסך מולטימדיה אנדרואיד
??בקרת שיוט
??תאורת לד
??חיישני חניה + מצלמת רוורס.
??ריפודים יוקרתיים.
ועוד המון....רכב שמור מאוד ומטופל!
גמיש לרציניים.
0544745167
",,54000.0,
91,יונדאי,2021,סונטה,1,אוטומטית,2400.0,בנזין,,,,dimona,210000.0,1,2022-10-01,2022-10-01,"רכב תוצרת יונדאי דגם סנטה פה
רכב במצב חדש מיוצר בארה""ב יד ראשונה פרטית",,20000.0,
92,יונדאי,2014,i10,1,ידנית,1000.0,בנזין,פרטית,פרטית,חולון - בת ים,חולון,22500.0,2,2022-09-29,2022-09-29,יפה שמורה ללא תאונות יד 1 ,ברונזה,260000.0,
93,יונדאי,2021,i20,1,אוטומטית,1000.0,בנזין,,,חדרה וישובי עמק חפר,חדרה,88000.0,1,2022-09-24,2022-09-24,"רכב עדיין חדש כמעט ולא נסע נקנה 0 ק""מ מאלבר עדיין באחריות היצרן עד 2024",,6000.0,
94,יונדאי,2018,סונטה,2,אוטומטית,1999.0,,,,קיסריה והסביבה,אור עקיבא,119000.0,1,2022-09-19,2022-09-19,,,72000.0,
95,יונדאי,2014,ix20,4,אוטומטית,2000.0,בנזין,,,,קלנסווה,,1,2022-09-19,2022-09-19,"גיפ פנאי גיפ 
שמור מאוד מטופל בזמן במוסך מורשה 
נהג יחיד אמון אמון תוספות מתחייב בכל בורג
גיר שלדה מנוע 
רק לריצינים 
גמיש קצת ליד האותו",,97000.0,
96,יונדאי,2022,איוניק,1,אוטומטית,800.0,חשמלי,פרטית,פרטית,מושבים בצפון,עין יעקב,295000.0,2,2022-09-18,2022-09-18,"איוניק 5 , דגם 4*4 , 305 כוח סוס.",אפור מטאלי,8000.0,
97,יונדאי,2016,סונטה,2,אוטומטית,2000.0,בנזין,,,,כאבול,89000.0,1,2022-09-18,2022-09-18,"רכב פרטי שמור חדש ללא תאונות &lt;br/&gt;&lt;br/&gt;פירוט:&lt;br/&gt; גג פנורמי חימום וקירור בכסאות ובהגה המון תוספות
",,99000.0,
98,יונדאי,2020,איוניק,1,אוטומטית,1600.0,,,,קריות,קרית אתא,95000.0,1,2022-09-16,2022-09-16,"רכב במצב מעולה- מחיר גמיש &lt;br/&gt;&lt;br/&gt;פירוט:&lt;br/&gt; מערכת מולטימדיה, בלוטוס, מערכת ניווט ובקרת שיווט",,90000.0,
99,יונדאי,2021,i10,1,רובוטית,1200.0,בנזין,,,,מושב מולדת,80000.0,1,2022-09-14,2022-09-14,נקנה חדש ביונדאי עפולה . נקי+ אחרי טיפול שנה ראשונה. יימכר כי אנו רוצים לנסוע גם בשבילים באזור שלנו ובארץ וקונים רכב שטח גדול יותר &lt;br/&gt;&lt;br/&gt;פירוט:&lt;br/&gt; רק מה שנקנה עם היונדאי כחדש! ,,12000.0,
100,יונדאי,2016,אלנטרה,2,אוטומטית,1600.0,בנזין,,,,ashdod,59000.0,1,2022-09-14,2022-09-14,"רכב במצב מצויין,טיפולים בזמן &lt;br/&gt;&lt;br/&gt;פירוט:&lt;br/&gt; צמיגים ,מצבר ,מערכת מולטימדיה אנדרואיד חדש",,135000.0,
101,יונדאי,2021,איוניק,1,טיפטרוניק,1600.0,,,,עמק יזרעאל,עפולה,,1,2022-09-13,2022-09-13,,,79000.0,
102,יונדאי,2016,מטריקס,1,אוטומטית,2000.0,בנזין,,,עכו - נהריה,עכו,105000.0,1,2022-09-13,2022-09-13,,,110000.0,
103,יונדאי,2017,H-1,1,אוטומטית,2000.0,בנזין,,,,כסרא סמיע,110000.0,1,2022-09-13,2022-09-13,יונדאי טוסון ..רכב שמור מאוד נהג יחיד מטופל במוסך מורשה ללא תאונות מתחייב בבדיקה …,,74402.0,
104,יונדאי,2019,איוניק,2,אוטומטית,1580.0,,,,,אורים,107000.0,1,2022-09-11,2022-09-11,"מטופל, חסכוני מאוד, תענוג לנהיגה ונח לנסיעה, מגוון מערכות בטיחות חכמות , 5 דלתות (דגם האצבק), סינון רעשים מעולה. נקנה כרכב 0 ק""מ, לאחר החלפת 4 צמיגים חדשים, ללא תאונות, ללא שריטות, נקי ושמור. מגיע עם מערכת מולטימדיה מקורית של יונדאי, כרטיס סים עם data לשלוש שנים, מצלמת רוורס וחיישנים.

 &lt;br/&gt;&lt;br/&gt;פירוט:&lt;br/&gt; מזגן
ABS
4 חלונות חשמל
הגה כוח
7 כריות אויר
הנעה 4X2
מצלמת רוורס
גלגלי מגנזיום
בקרת יציבות
זיהוי הולכי רגל
מערכת עזר לבלמים
חיישני לחץ אויר בצמיגים
חיישני חגורות
תאורה אוטומטית בנסיעה קדימה
זיהוי מצב התקרבות מסוכנת",,74000.0,
105,יונדאי,2019,i20,2,אוטומטית,1000.0,בנזין,,,תל אביב,תל אביב יפו,71000.0,1,2022-09-09,2022-09-09,הרכב במצב מושלם. מכנית וחיצונית כמו חדש! מטופל ושמור באדיקות. נמכר עקב רילוקיישן. &lt;br/&gt;&lt;br/&gt;פירוט:&lt;br/&gt; מערכת מולטימדיה ואימובילייזר,,59000.0,
106,יונדאי,2014,i30,2,אוטומטית,1600.0,בנזין,,,"ראשל""צ והסביבה",ראשון לציון,38900.0,1,2022-09-07,2022-09-07,"לבוא לקחת... התחייבות לקנייה חוזרת עד 5 שנים. שקיפות מלאה!!! מגוון אפשרויות מימון עד 100% כולל תשלום בצקים. נמצא בסוכנות ""גרינקאר"" בראשל""צ, רח' הרצל 28. הנחות ומחירים מיוחדים יינתנו בסניף, יחס אישי לכל לקוח שקיפות מלאה!!! מבחר ענק של רכבים נוספים ניתן לראות באתר של גרינקאר. לצאת עם רכב חדש באותו היום.",,,
107,יונדאי,2022,אלנטרה,1,אוטומטית,1600.0,,,,אילת והערבה,אילת,153000.0,1,2022-09-07,2022-09-07,יונדאי הלנטרה דגם סופרים &lt;br/&gt;&lt;br/&gt;פירוט:&lt;br/&gt; מרם שמשות וסוגר את הגג חיישנים קדימה מצלמה קדימה ואחורה ויפיי חלונות כהים מחלף עקב עברה לגיפון,,5750.0,
108,יונדאי,2020,אלנטרה,1,אוטומטית,1600.0,בנזין,,,עמק יזרעאל,עפולה,,1,2022-09-07,2022-09-07,רכב שמור חדש כל הקודם זוכה,,22000.0,
109,יונדאי,2018,i10,1,אוטומטית,1200.0,בנזין,,,,נאעורה,50000.0,1,2022-09-07,2022-09-07,רכב חדש לחלוטין ללא תאונות &lt;br/&gt;&lt;br/&gt;פירוט:&lt;br/&gt; מטופל בחברה 4 צמיגים חדשים,,100000.0,
110,יונדאי,2016,i30,3,אוטומטית,1600.0,בנזין,,,ירושלים והסביבה,ירושלים,57000.0,1,2022-09-05,2022-09-05,"יונדאי i30 פרימיום במצב מצויין! היה חודש אחד בלבד בחברת השכרה .נמכר לאחר חצי שנה עקב קבלת רכב מעבודה. בהזדמנות! מחיר גמיש. מציאה!! חלון בגג, צמיגים חדשים, עבר בדיקה מעולה במכון רישוי!",,131000.0,
111,יונדאי,2016,i30,2,אוטומטית,1500.0,בנזין,,,רעננה - כפר סבא,כפר סבא,63000.0,1,2022-09-04,2022-09-04,"בהזדמנות !! רכב שמור היטב, ללא תאונות, טיפולים בזמן, מצבר הוחלף לפני כ - 4 חודשים &lt;br/&gt;&lt;br/&gt;פירוט:&lt;br/&gt; גג פנורמי, מערכת מולטימדיה, קודן , דלקן פמפי ",,105000.0,
112,יונדאי,2017,סונטה,3,אוטומטית,2000.0,בנזין,,,בית שמש והסביבה,בית שמש,86000.0,1,2022-08-31,2022-08-31,רכב שמור וטופל רק ביונדאי,,132000.0,
113,יונדאי,2017,i25,2,אוטומטית,1400.0,בנזין,ליסינג,פרטית,גליל ועמקים,צפת,50000.0,6,2022-08-31,2022-08-31,"רכב במצב מעולה! 
מערכת מולטימדיה חדשה, וויז ,מוביליי
טופל רק במוסך מורשה ",אפור מטאלי,160000.0,
114,יונדאי,2016,i30,2,אוטומטית,,בנזין,,,רמלה - לוד,רמלה,590000.0,1,2022-08-31,2022-08-31,"למכירה רכב במצב מצויין 
מחיר גמיש לרציניים
",,,
115,יונדאי,2019,אלנטרה,2,אוטומטית,1600.0,בנזין,,,,טירה,95000.0,1,2022-08-29,2022-08-29,,,50099.0,
116,יונדאי,2016,סונטה,1,אוטומטית,2000.0,,,,מודיעין והסביבה,מודיעין מכבים רעות,93000.0,1,2022-08-28,2022-08-28,"יד ראשונה, שני נהגים. מצב מעולה. דגם limited, כל הפינוקים: בקרת מהירות אדפטיבית, מושבי עור עם חימום וקירור, חימום הגה, בקרת רכב בשטח מת, בקרת סטיה ממסחוח מקורית, בקרת רכב חוצה מאוחר בנסיעה לאחור ועוד &lt;br/&gt;&lt;br/&gt;פירוט:&lt;br/&gt; כל הפינוקים הרשומים בדגם לחמיטד. ",,153000.0,
117,יונדאי,2022,i10,1,רובוטית,1200.0,בנזין,,,חיפה וחוף הכרמל,נשר,85000.0,1,2022-08-24,2022-08-24,"למכירה יונדאי i10 החדשה, הדגם המפואר SUPREME, בת 3 חודשים, ללא תאונות, מכות או שריטות, חדשה מהניילונים. אחריות חברה 3 שנים.
נמכרת עקב מעבר לרכב משפחתי יותר גדול",,2000.0,
118,יונדאי,2021,סונטה,1,אוטומטית,2000.0,,,,חיפה וחוף הכרמל,עספיא,188000.0,1,2022-08-23,2022-08-23,רכב שמור &lt;br/&gt;&lt;br/&gt;פירוט:&lt;br/&gt; לימטד עם כל התוספות ,,33000.0,
119,יונדאי,2016,i10,1,אוטומטית,1248.0,בנזין,,,מושבים בשרון,נירית,48000.0,1,2022-08-22,2022-08-22,"יד ראשונה מפרטי, מצב מכני מעולה !
מדגם supreme שמור מאוד, שימש כרכב שני בבית, מטופל רק במוסך מורשה.
טסט עד ינואר 23. ",,117250.0,
120,יונדאי,2014,i25,2,אוטומטית,1600.0,בנזין,,,רמת גן - גבעתיים,רמת גן,48000.0,1,2022-08-22,2022-08-22,יונדאי i25 Premium אוט' 1.6,,116000.0,
121,יונדאי,2017,סונטה,2,אוטומטית,2000.0,,,,קריות,קרית אתא,100000.0,1,2022-08-19,2022-08-19,"רכב יונדאי סונטה הדגם המפואר. חסכוני מאוד, רכב מנוע 2.0 עם 193 כ""ס (כולל המנוע ההיברידי( , ריפודים מעור , כיוון מושבים חשמלי כולל זיכרונות , התראה על שטח מת , שיוט בקרה אדפטיבי , חימום וקירור למושבים + חימום למושבים מאחורה, חימום להגה , גג נפתח פנורמי, סוללה עדיין באחריות יצרן. הרכב שמור בקנאות כמו חדש , רכב מפנק ארוך ומרווח במיוחד. לא זמין בשעות הבוקר אבל חוזר לכולם.",,171000.0,
122,יונדאי,2021,i40,1,אוטומטית,1600.0,בנזין,,,באר שבע והסביבה,מיתר,170000.0,1,2022-08-19,2022-08-19,אין &lt;br/&gt;&lt;br/&gt;פירוט:&lt;br/&gt; מדרגות מגני רוח מצלימות קדמי ואחורי גאג נפתח,,22000.0,
123,יונדאי,2019,i10,1,אוטומטית,1248.0,בנזין,,,בקעת אונו,אור יהודה,68000.0,1,2022-08-16,2022-08-16,רכב שמור ממש כמו חדש טיפולים בזמן צמיגים חדשים לרציניים בלבד נא לא להתקשר בשבת תודה גמיש במחיר מוכן להחלפה ,,41000.0,
124,יונדאי,2019,אלנטרה,2,אוטומטית,1600.0,בנזין,,,גליל ועמקים,שפרעם,95000.0,1,2022-08-12,2022-08-12,"רכב שמור מאוד ומטופל ,לא נסע הרבה עד עכשיו 32424 קלימוטר.
מערכת מולטימדיה &lt;br/&gt;&lt;br/&gt;פירוט:&lt;br/&gt; גג נפתח 
מצלמת דרך ",,32424.0,
125,יונדאי,2016,סונטה,2,אוטומטית,1600.0,בנזין,,,מושבים בדרום,מעגלים,82000.0,1,2022-08-10,2022-08-10,"יונדאי טוסון פריים שנת 2016.
יד שניה פרטית. 
87 א' ק""מ.
נהגת יחידה רכב שמור.רכב שני.
מטופל בזמן במוסך מורשה יבואן יונדאי.(ספר טיפולים חתום). &lt;br/&gt;&lt;br/&gt;פירוט:&lt;br/&gt; מדרגות צד,מגני רוח,חלונות כהים, התראה על סטיה מנתיב והתקרבות לרכבים וכו'.
ג'אנט 19"". 4 צמיגים של קונטיננטל.
",,88000.0,
126,יונדאי,2018,איוניק,2,אוטומטית,1600.0,בנזין,פרטית,פרטית,עמק יזרעאל,עפולה,75000.0,2,2022-08-09,2022-08-09,,לבן,122000.0,
127,יונדאי,2015,i30,1,אוטומטית,1600.0,בנזין,,,מושבים בשרון,קדימה צורן,42000.0,1,2022-08-08,2022-08-08,"יד ראשונה מפרטי. טסט עד מאי 23
מצב מעולה",,180000.0,
128,יונדאי,2014,i30,2,אוטומטית,1591.0,בנזין,,,,גבעת חיים מאוחד,38000.0,1,2022-08-05,2022-08-05,"רכב מצויין, שמור ומטופל.
רפידות בלמים חדשות.
ללא תאונות.
מוחלף עקב הרחבת המשפחה :)
מחיר גמיש",,169000.0,
129,יונדאי,2021,i20,1,אוטומטית,1000.0,בנזין,,,"ראשל""צ והסביבה",ראשון לציון,94000.0,1,2022-08-04,2022-08-04,"I20 פרסטיג' הדגם המשופר
חלונות אחורים מושחרים
נרכש מיונדאי, טופל בחברה
הרכב עשה מ8000 קילומטר!
שליטה מההגה
מערכת מולטימדיה
מחנה בעיקר בחניה מקורה.
מנוע 1000 טורבו
בקרת יציבות
בלימה אקטיבית .
התראה סטייה מנתיב
אחריות עד 2024
 מחירון 95,000 שח מבקש 94,000 שח 
ניתן לחייג כל יום מ8:00 עד 23:30",,8000.0,
130,יונדאי,2017,ix20,1,אוטומטית,2000.0,בנזין,,,רעננה - כפר סבא,רעננה,124000.0,1,2022-08-04,2022-08-04,"יונדאי טוסון open sky יד ראשונה פרטית רכב מפנק , ק""מ נמוך , מרימי שמשות , נהגת יחידה !",,45000.0,
131,יונדאי,2017,טרג'ט,1,אוטומטית,2000.0,בנזין,,,,זיכרון יעקב,119000.0,1,2022-07-28,2022-07-28,,,,
132,יונדאי,2019,i20,1,אוטומטית,1400.0,דיזל,,,"ראשל""צ והסביבה",ראשון לציון,78000.0,1,2022-07-28,2022-07-28,"יד ראשונה רכב שמור ונקי מטופל במוסך מורשה יונדאי בלבד, ללא תאונות ללא מכות, הגה ניווט, מערכת מולטימדיה בכל הרכב, צורך מעט מאוד דלק כל הקודם זוכה ",,48000.0,
133,יונדאי,2016,סונטה,1,אוטומטית,1999.0,,,,,אעבלין,100000.0,1,2022-07-27,2022-07-27,"רכב שמור מאוד, מוצלל רוב הזמן, נהגת יחידה, קילומטראז נמוך. &lt;br/&gt;&lt;br/&gt;פירוט:&lt;br/&gt; חלון בגג.",,83000.0,
134,יונדאי,2017,i10,1,אוטומטית,1250.0,בנזין,,,תל אביב,תל אביב יפו,47500.0,1,2022-07-23,2022-07-23,"רכב במצב שמור, ללא תאונות, יד ראשונה, מולטימדיה, טסט 3/23, צמיגים חדשים.",,126600.0,
135,יונדאי,2021,סונטה,1,אוטומטית,2000.0,בנזין,,,קריות,קרית אתא,175000.0,1,2022-07-22,2022-07-22,רכבשנה על הכביש יד ראשונה חדש ומושקע לרציניים בלבד,,,
136,יונדאי,2017,i10,1,אוטומטית,1250.0,בנזין,,,,תל אבייב,47500.0,1,2022-07-22,2022-07-22,,,126600.0,
137,יונדאי,2018,H-1,1,אוטומטית,2000.0,בנזין,,,חיפה וחוף הכרמל,טירת כרמל,,1,2022-07-20,2022-07-20,"רכב כמו חדש עם גג פנורמי, 
יש תוספת של וו גרירה ומוביליי. 
 &lt;br/&gt;&lt;br/&gt;פירוט:&lt;br/&gt; וו גרירה ומוביליי ",,68.0,
138,יונדאי,2015,i10,3,אוטומטית,1000.0,בנזין,פרטית,פרטית,פתח תקוה והסביבה,פתח תקווה,36500.0,6,2022-07-19,2022-07-20,"רכב שמור מאוד, מטופל במוסך מורשה,טיפולים בזמן.טסט עד 5/23
",כסוף,90000.0,
139,יונדאי,2020,i10,1,רובוטית,1200.0,בנזין,,,אשדוד - אשקלון,גן יבנה,72000.0,1,2022-07-20,2022-07-20,"רכב שמור עדיין באחריות מטופל במוסך מורשה טסט לשנה
נהג יחיד ",,22500.0,
140,יונדאי,2017,איוניק,2,אוטומטית,1580.0,בנזין,,,,טירה,95000.0,1,2022-07-19,2022-07-19,"
עלייה לכביש אפריל 2017
יד 02 שתי ידיים פרטיות נהג יחיד 
שמור ומטופל , צמיגים חדשים
דורשת 95,000 אלף גמישים לרציניים בלבד
לפרטים רק בפלאפון - 0543750086",,78000.0,
141,יונדאי,2017,אלנטרה,1,אוטומטית,1600.0,בנזין,,,חולון - בת ים,בת ים,73000.0,1,2022-07-19,2022-07-19,רכב שמור ביותר .. בכלל רכב מדהים ..מוכר עקב רכב מהעבודה &lt;br/&gt;&lt;br/&gt;פירוט:&lt;br/&gt; הכל ,,93000.0,
142,יונדאי,2016,סונטה,2,אוטומטית,2000.0,,,,חיפה וחוף הכרמל,אום אל פחם,87000.0,1,2022-07-16,2022-07-16,,,146000.0,
143,יונדאי,2019,איוניק,1,אוטומטית,1600.0,,,,ראש העין והסביבה,ראש העין,95000.0,1,2022-07-13,2022-07-13,"יד פרטית נרכש בליסינג פרטי ניתן להעביר יד ישירות לקונה.
שמור ומטופל ",,71000.0,
144,יונדאי,2014,i25,2,אוטומטית,1591.0,בנזין,,,רמת גן - גבעתיים,רמת גן,40000.0,1,2022-07-12,2022-07-12,"רכב שמור ומטופל בזמן, אני נהגת יחידה, ברכב חונה בחניון מקורה. מבקשת מחיר מחירון",,106000.0,
145,יונדאי,2017,i25,2,אוטומטית,1400.0,בנזין,,,חיפה וחוף הכרמל,טירת כרמל,48000.0,1,2022-07-11,2022-07-11,"נהגת יחידה, נימכר עקב קבלת רכב מהעבודה
מטופל בחברה טסט לשנה עם חישני רוורס מערכת מולטימדיה ומצלמת דרך קידמית אחורית
הרכב במצב מכני מעולה!!
יד ראשונה היתה בליסינג נהג יחיד!
4 צמיגים חדשים",,135000.0,
146,יונדאי,2019,אלנטרה,1,אוטומטית,1600.0,בנזין,ליסינג,פרטית,"ראשל""צ והסביבה",ראשון לציון,103000.0,4,2022-07-11,2022-07-11,הרכב נרכש 0 ק״מ באלבר,אפור,12600.0,
147,יונדאי,2021,איוניק,1,אוטומטית,1600.0,,,,"ראשל""צ והסביבה",ראשון לציון,148000.0,1,2022-07-10,2022-07-10,,,10050.0,
148,יונדאי,2019,אלנטרה,1,אוטומטית,1600.0,בנזין,,,"ראשל""צ והסביבה",ראשון לציון,109000.0,1,2022-07-09,2022-07-09,"הרכב נרכש באלבר 0 ק״מ
רכב שמור &lt;br/&gt;&lt;br/&gt;פירוט:&lt;br/&gt; חלון שמש נפתח בגג
פתחי מזגן לנוסעים מאחור
מולטימדיה + GPS
תיקון הגוי סטייה מנתיב",,12600.0,
149,יונדאי,2017,i10,2,אוטומטית,1300.0,בנזין,,,חדרה וישובי עמק חפר,חדרה,67000.0,1,2022-07-07,2022-07-07,"רכב כסוף 2017, אך נראה כחדש, ישנם מקומות שעדיין הניילון של הקנייה לא הורד. ואני נהגת יחידה השומרת על הרכב.",,38000.0,
150,יונדאי,2014,i30,2,אוטומטית,1600.0,בנזין,,,מודיעין והסביבה,נעלה,49700.0,1,2022-07-06,2022-07-06,"רכב שני בבית, מוחלף בעקבות שדרוג. במצב מצוין , בעלות קודמת פרטית בתוך המשפחה ",,146500.0,
151,יונדאי,2016,i10,2,אוטומטית,1250.0,בנזין,,,גליל ועמקים,חיננית,47000.0,1,2022-07-05,2022-07-05,"רכב חדש ושמור משרת חייל אז הרכב לא נוסע הרבה נשטף כל שבועיים ועובר טיפולים בזמן רכב חסכוני ומעוצב מגיע עם מספר גוונים בתוך הרכב מסך מולטימדיה עם וויז ומצלמת רוורס גלגלים חדשים עם ג'אנט מגנזיום רכב נוח לנסיעות עירוניות ובן עירוניות מוכר עקב צהל וחוסר השימוש בוא עיקר המכירה בסופשים &lt;br/&gt;&lt;br/&gt;פירוט:&lt;br/&gt; מולטימדיה מקורית עם מערכת וויז מובנת,מערכת סאונד עם חיבור בלוטוס חכם, שלושה צבעים בתא הנוסעים,מצלמת רברס כלל חישנים, גלגלים חדשים עם מגנזיום,רכב הצגה לכל דבר ועיניין ",,90000.0,
152,יונדאי,2019,i10,1,אוטומטית,1250.0,בנזין,,,"ראשל""צ והסביבה",ראשון לציון,61900.0,1,2022-07-05,2022-07-05,"?? יונדאי i-10 ?? 
מרכב- ה׳אצבק
מועד עלייה לכביש-01/2019??
טסט-01/2023
יד: 01 פרטי 
ק״מ:63,000
נפח מנוע:1248 
גיר: אוטומט ?
שלמות מבית יונדאי ברמת גימור PRIME הכוללת בין היתר :
תוספות-,מערכת התראה לסטייה מנתיב ,מערכת התראה על תנועה אחורית ,תאורת LED פנימית,מושבים צבע קרם, מערכת מולטימדיה מאובזרת,מערכת אימובילאי למניעת תאונות,בקרת אקלים,שליטה מלאה מההגה,תאורת LED,מראות מתקפלות,תצוגת לוח שעוניםLCD,מפתח חכם,נעילה מרכזית,מערכת בטיחות מאובזרת ועוד…
רכב שמור מאוד, מטופל בחברה בלבד ,נראה ונוסע כחדש??

——מחיר נדרש-61,900₪-——— &lt;br/&gt;&lt;br/&gt;פירוט:&lt;br/&gt; נא להשאיר פרטים בוואטסאפ בבקשה לקבלת כל שאר פרטי הרכב.",,63000.0,
153,יונדאי,2019,איוניק,2,אוטומטית,1600.0,בנזין,,,נס ציונה - רחובות,רחובות,100000.0,1,2022-07-04,2022-07-04,רכב מטופל &lt;br/&gt;&lt;br/&gt;פירוט:&lt;br/&gt; היברידי,,85000.0,
154,יונדאי,2015,i20,1,אוטומטית,1495.0,בנזין,,,חולון - בת ים,חולון,,1,2022-07-01,2022-07-01,יונדאי i20 2015 פרטית יד ראשונה 75 אלף קמ מטופלת רק בחברה במצב חדש ללא תאונות &lt;br/&gt;&lt;br/&gt;פירוט:&lt;br/&gt; מגנזיום מערכת וריפודים יקרים,,75000.0,
155,יונדאי,2016,i25,2,אוטומטית,1400.0,בנזין,,,באר שבע והסביבה,נתיבות,39000.0,1,2022-06-28,2022-06-28, &lt;br/&gt;&lt;br/&gt;פירוט:&lt;br/&gt; מוביליי+מצלמת רוורס,,180000.0,
156,יונדאי,2015,i10,2,אוטומטית,1250.0,בנזין,,,פתח תקוה והסביבה,פתח תקווה,40500.0,1,2022-06-27,2022-06-27,מפרטי. יד ראשונה ליסינג. רכב במצב מעולה מטופל ושמור. כל הקודם זוכה.,,98000.0,
157,יונדאי,2016,H-1,2,אוטומטית,2000.0,בנזין,,,עכו - נהריה,נהריה,930000.0,1,2022-06-22,2022-06-22,רכב שמור יד 2 פרטית קמ נמוך מחליפים לצורך הרחבת מספר המקומות טוסון,,58000.0,
158,יונדאי,2019,i10,1,אוטומטית,1250.0,בנזין,,,חולון - בת ים,בת ים,67000.0,1,2022-06-20,2022-06-20,"מצב מעולה
מפרטי",,21000.0,
159,יונדאי,2020,סונטה,1,אוטומטית,2000.0,,,,,קציר-חריש,170000.0,1,2022-06-18,2022-06-18,"למכירה יונדאי סונטה 
דגם לימיטד הדגם הכי מפואר
 תאריך עלייה לכביש 10/2020
 שמורה ומטופלת בזמן
גמיש במחיר &lt;br/&gt;&lt;br/&gt;פירוט:&lt;br/&gt; מצלמת דרך בשווי 1700 שח
מרימי שמשות וסוגר גג
איתוראן",,45000.0,
160,יונדאי,2021,i20,2,אוטומטית,1000.0,בנזין,,,,יהוד,87000.0,1,2022-06-18,2022-06-18,חסכוני בדלק מרווח אמין ועדיין באחריות טסט לשנה ,,9450.0,
161,יונדאי,2014,i20,4,אוטומטית,1396.0,בנזין,,,פתח תקוה והסביבה,פתח תקווה,35000.0,1,2022-06-05,2022-06-05,"רכב שמור פנימי וחיצוני 
נקנה לפני שנה נמכר עקב קבלת רכב מהעבודה &lt;br/&gt;&lt;br/&gt;פירוט:&lt;br/&gt; מצלמת רוורס חיישני רוורס ומולטימדיה",,156679.0,
162,יונדאי,2015,i30,2,אוטומטית,1600.0,בנזין,,,רמלה - לוד,רמלה,45000.0,1,2022-05-25,2022-05-25,"רכב שמור ומטופל, דגם פרמיום מפואר כולל גג פנורמי נפתח, מצלמת רוורס חיישני רוורס, טסט עד ינואר 2023 רכב מטופל במוסך מורשה אפס תקלות אפס תאונות רכב שקט",,162500.0,
163,יונדאי,2021,סונטה,2,אוטומטית,2000.0,בנזין,פרטית,פרטית,עכו - נהריה,עכו,196000.0,5,2022-05-24,2022-05-24,"רכב חדשש!!
נמכר עקב קבלת רכב מהעבודה
כל הקודם זוכה!!
לרצינים בלבד!!
לא בשבת",לבן פנינה,32000.0,
164,יונדאי,2017,i10,1,אוטומטית,1200.0,בנזין,פרטית,פרטית,מושבים בשרון,אבן יהודה,54000.0,2,2022-05-21,2022-05-22,שמורה מאוד,לבן,39000.0,
165,יונדאי,2018,סונטה,1,אוטומטית,1999.0,בנזין,,,רמלה - לוד,לוד,100000.0,1,2022-05-19,2022-05-19,"יונדאי סונטה יפהפייה, אוטו מעולה, גג פנורמי, 193 כ""ס משולב הייבריד, ע""פ מחירון יצחק לוי 121,000 ש""ח, אחרי טיפול של 150,000 ק""מ כל הטיפולים נעשו בחברה(היסטוריית רכב), 99,000ש""ח.
טסט עד פברואר 2023.
יד ראשונה, בעלות נוכחית פרטית.
",,150000.0,
166,יונדאי,2015,i20,2,אוטומטית,1400.0,בנזין,,,נתניה והסביבה,כפר יונה,48000.0,1,2022-05-15,2022-05-15,"מצב מצוין יד 2 פרטי טסט לשנה 
מחירון ",,149000.0,
167,יונדאי,2018,i10,2,אוטומטית,1000.0,בנזין,,,גדרה יבנה והסביבה,גדרה,58000.0,1,2022-05-15,2022-05-15,"שמורה היטב, ללא תאונות, ללא שריטות, טופלה אך ורק במוסך מורשה. נהגת יחידה מהקילומטר הראשון (יד 2 עקב העברת בעלות מבן הזוג- יש תיעוד ברישיון רכב קודם). תיבה אוטו' רציפה (לא רובוטית כבדגמים החדשים-יתרון). מערכת מולטימדיה, מצלמת רוורס, מובילאי, לחצני שליטה מההגה, בשורה התחתונה, רכב אמין ובעלות תחזוקה נמוכה.",,56000.0,
168,יונדאי,2017,i10,2,ידנית,1000.0,בנזין,,,"ראשל""צ והסביבה",ראשון לציון,42900.0,1,2022-05-12,2022-05-12,"לבוא לקחת. גיר ידני טסט ארוך. התחייבות לקנייה חוזרת עד 5 שנים. שקיפות מלאה!!! מגוון אפשרויות מימון עד 100% כולל תשלום בצקים. נמצא בסוכנות ""גרינקאר"" בראשל""צ, רח' הרצל 28. הנחות ומחירים מיוחדים יינתנו בסניף, יחס אישי לכל לקוח שקיפות מלאה!!! מבחר ענק של רכבים נוספים ניתן לראות באתר של גרינקאר. לצאת עם רכב חדש באותו היום.",,,
169,יונדאי,2018,i10,1,אוטומטית,1250.0,בנזין,,,נס ציונה - רחובות,נס ציונה,60000.0,1,2022-05-12,2022-05-12,"נהג יחיד, יד ראשונה, אוטומט, רכב שמור ללא תאונות ותקלות. קיימת מערכת מולטימדיה חדשנית, מצלמות + חיישני רוורס ומערכת מובילאיי. נמצא במצב מצוין, מטופל רק במוסך מורשה ובזמן ולא ביצע נסיעות ארוכות. הוחלף מצבר לפני כמה חודשים. נמכר עקב שדרוג לרכב גדול יותר. לרציניים בלבד.",,40000.0,
170,יונדאי,2018,סונטה,1,אוטומטית,1999.0,בנזין,,,רמלה - לוד,לוד,111000.0,1,2022-05-05,2022-05-05,"יונדאי יפיפיה, אוטו מעולה, מטופל בחברה, גג פנורמי, 193 כ""ס משולב ,ע""פ מחירון יצחק לוי 123,400 ש""ח.
חודש עלייה לכביש ה2 לפברואר.
טסט עד פברואר 2023.",,148000.0,
171,יונדאי,2016,סונטה,2,אוטומטית,2000.0,,,,עמק יזרעאל,קרית טבעון,64500.0,1,2022-05-02,2022-05-02,"הזדמנות - רכב מדהים וחסכוני במחיר של מיני!
אצלי מ- 2017. 
היד הראשונה פרטית גם כן (לא 0 ק""מ ולא ליסינג).
נוהגים ברכב 2 נהגים בלבד, מעל גיל 47. 
טסט בתוקף עד ל- 2023.
הרכב חונה בעיקר בחניה מקורה.
לא עישנו ברכב מעולם. &lt;br/&gt;&lt;br/&gt;פירוט:&lt;br/&gt; מובילאיי
מולטימדיה
מצלמת וחיישני רברס ",,201000.0,
172,יונדאי,2017,סונטה,1,אוטומטית,1999.0,בנזין,,,באר שבע והסביבה,עומר,99000.0,1,2022-05-02,2022-05-02,"דגם טוסון
טסט לשנה
טיפול 120000 בוצע
צמיגים הוחלפו לפני שנה &lt;br/&gt;&lt;br/&gt;פירוט:&lt;br/&gt; רכב שמור 
מטופל במוסך מורשה",,125300.0,
173,יונדאי,2017,i20,2,אוטומטית,1368.0,בנזין,,,רמת גן - גבעתיים,גבעתיים,64000.0,1,2022-04-27,2022-04-27,"רכב במצב מצויין ללא פגיעות שריטות או שיפשופים, מתוחזק ברמה גבוהה,",,105000.0,
174,יונדאי,2017,איוניק,2,אוטומטית,1600.0,בנזין,פרטית,פרטית,ראש העין והסביבה,אלעד,74000.0,1,2024-01-04,2024-01-04,"רכב אמין וחסכוני מאוד !!
מטופל ושמור בקפדנות .
דגם סופרים המפואר הכולל כיסא נהג חשמלי , מראות חשמליות , ועוד ...
על הרכב מותקן ריפודים תואמי מקור .
מגני רוח ועוד ..",שחור,120000.0,
175,יונדאי,2019,איוניק,2,אוטומטית,1600.0,,,,ראש העין והסביבה,ראש העין,87000.0,1,2022-04-25,2022-04-25,"רכב במצב חדש לגמריי בלי שריטה 
טסט לשנה. 4 גלגלים חדשים 
",,86000.0,
176,יונדאי,2021,i20,2,אוטומטית,1000.0,בנזין,,,בקעת אונו,יהוד מונוסון,87000.0,1,2022-04-19,2022-04-19,רכב חדש עדיין באחריות,,7800.0,
177,יונדאי,2019,סונטה,1,אוטומטית,2000.0,היבריד,פרטית,פרטית,ירושלים והסביבה,ירושלים,134000.0,2,2022-03-13,2022-03-13,מנהלי מרווח ההיבריד חסכוני שמור . מתחייב גיר מנוע שילדה . לא נסע הרבה ,אפור מטאלי,23000.0,
178,יונדאי,2017,i30CW,3,רובוטית,1600.0,בנזין,פרטית,פרטית,נס ציונה - רחובות,רחובות,58000.0,1,2022-03-12,2022-03-12,"במצב מצוין, רכב מרווח וחסכוני בדלק ",לבן,85000.0,
179,יונדאי,2019,סונטה,2,אוטומטית,2000.0,היבריד,פרטית,פרטית,עכו - נהריה,נהריה,130000.0,3,2022-02-26,2022-02-26,"יונדאי סונטה ""מרצדס הקטנה"" רכב המנהלים של יונדאי
הדגם המפואר בעל רמת גימור גבוהה",לבן,,
180,יונדאי,2018,איוניק,2,אוטומטית,1600.0,היבריד,פרטית,פרטית,עמק יזרעאל,עפולה,90000.0,6,2022-02-10,2022-02-10,"
תוספות
				Premium הייבריד.
מצב מצויין.עוד 3 שנים או עד 150000קיימ אחריות למנוע חשמלי וסוללה.מתופלת רק במוסך מורשה.חיסכוני מאוד.

			",אפור,111000.0,
181,יונדאי,2015,i10,1,ידנית,1000.0,בנזין,פרטית,פרטית,מושבים בשרון,קדימה צורן,25000.0,7,2022-01-11,2022-01-11,"יונדאי i10 🔝
שנת 2015 גיר ידני ✅
יד 01 פרטי 💯 טסט 11/22
113 אלף קילומטר 🙏🏻
הרכב שמור ומטופל בזמן ✅
אוטו חסכוני בטירוף : 1ל 18 ק""מ / תדלוק ב200 = 650 ק""מ
קומפקטי לחניות כול הקודם זוכה 
לפרטים נוספים : 0508659696",אפור מטאלי,113000.0,
182,יונדאי,2014,i10,2,אוטומטית,1000.0,בנזין,פרטית,פרטית,רמת השרון - הרצליה,הרצליה,29000.0,4,2021-10-28,2021-10-28,"❤️ למכירה❤️ 
I10 דגם INSIGHT
עלה לכביש ב - 03/2014 
יד שנייה מפרטי! (גם יד ראשונה פרטי). 
141,000 קילומטראז' 
עבר את כל הטיפולים בזמן ב - #מוסךמורשה של יונדאי !! המחירון הוא 29,500 (גמישה). 

ביטוחים זולים, רכב ללא תאונות, נהגת יחידה! 
מצב מצוין. 

0508840208 
📍הרצליה, פתח תקווה, הוד השרון 

מכירה מיידית
",בורדו,141000.0,
183,יונדאי,2016,אלנטרה,2,אוטומטית,1600.0,בנזין,השכרה,פרטית,באר שבע והסביבה,באר שבע,48000.0,2,2021-10-15,2021-10-15,גמישים במחיר,שמפניה,125000.0,
184,יונדאי,2014,i25,2,אוטומטית,1400.0,בנזין,ליסינג,פרטית,ירושלים והסביבה,ירושלים,26000.0,6,2023-10-22,2023-10-22,"רכב 4 דלתות חסכוני בדלק מפנק ואמין מאוד שמור ומטופל בזמן לרכב קצה שילדה גמיש מעט במחיר לפרטים נוספים חייגו 0542229035
",שחור,183000.0,
185,יונדאי,2015,i10,3,אוטומטית,1000.0,בנזין,ליסינג,ליסינג,גליל ועמקים,שפרעם,35.0,4,2023-08-30,2023-08-30,רכב אלעלאא שפרעם ,כחול,150000.0,
186,יונדאי,2020,קופה,1,אוטומטית,1600.0,בנזין,פרטית,פרטית,זכרון - בנימינה,זכרון יעקב,89000.0,0,2023-09-11,2023-09-11,"יונדאי קונה טורבו בנזין, מצב מעולה, מעט קילומטרים מטופל מדויק - טיפול תקופתי אחרון לפני 3 שבועות",שחור,43000.0,
187,יונדאי,2019,איוניק,2,אוטומטית,1600.0,בנזין,חברה,פרטית,חולון - בת ים,אזור,82000.0,4,2023-06-07,2023-06-07,"יונדאי יוניק הייברידי
יד-2
דגם- פרימיום
שנת - /2019
קמ׳ 100000
מנוע- 1600
אוטו שמור חסכוני מפנק
ליסינג לשעבר*
*התחייבות מלאה בבדיקה.",לבן,100000.0,
188,יונדאי,2014,i10,2,אוטומטית,1248.0,בנזין,,,עכו - נהריה,עכו,33000.0,0,2022-10-30,2022-10-30,"הרכב במצב טוב מאוד, מחירון 37",,118.0,
189,יונדאי,2019,i10,1,אוטומטית,1250.0,בנזין,,,ירושלים והסביבה,ירושלים,68000.0,0,2022-10-19,2022-10-19,יד ראשונה טסט מאי 2023 נהג יחיד ,,44000.0,
190,יונדאי,2018,סונטה,2,אוטומטית,1999.0,,,,נתניה והסביבה,כפר יונה,115000.0,0,2022-10-10,2022-10-10,"רכב שמור מאוד, מטופל במוסך שיא, יונדאי. טסט עד יולי 2023. רכב מנהלים הכל כולל הכל. &lt;br/&gt;&lt;br/&gt;פירוט:&lt;br/&gt; מראות חשמליות, מערכת מולטימדיה מקורית. מערכת שיוט ועוד.",,78000.0,
191,יונדאי,2018,i10,3,אוטומטית,1200.0,בנזין,,,אשדוד - אשקלון,אשדוד,55000.0,0,2022-10-10,2022-10-10,דגם prime. מערכת מולטימדיה וחיישני ומצלמת רוורס,,75000.0,
192,יונדאי,2020,i10,1,אוטומטית,,בנזין,,,רמת גן - גבעתיים,רמת גן,69000.0,0,2022-10-04,2022-10-04,"רכב שמור 
יד ראשונה 
הדגם המפואר של open sky 
היה נמצא בחנייה מקורה רוב הזמן ",,36000.0,
193,יונדאי,2016,H-1,1,אוטומטית,2000.0,בנזין,,,תל אביב,תל אביב יפו,103000.0,0,2022-10-03,2022-10-03,"יונדאי טוסון ,מכני מצויין,חדשה,גג נפתח ריפודי עור &lt;br/&gt;&lt;br/&gt;פירוט:&lt;br/&gt; גג נפתח",,96000.0,
194,יונדאי,2016,i25,2,אוטומטית,1400.0,בנזין,,,רמת השרון - הרצליה,הרצליה,46000.0,0,2022-09-30,2022-09-30,רכב במצב מצויין עבר את כל הטיפולים בזמן 4 צמיגים חדשים נוסע מצויין יש אישור על תקינות האוטו שילדה גיר מנוע &lt;br/&gt;&lt;br/&gt;פירוט:&lt;br/&gt; אמבולייזר חיישן צמגים די וי די מקורי ליסיניג לשעבר,,132000.0,
195,יונדאי,2014,i25,3,אוטומטית,1600.0,בנזין,,,חיפה וחוף הכרמל,נשר,44000.0,0,2022-09-21,2022-09-21,"דגם פרימיום המפואר, מצב חדש ללא תאונות מתחייב בבדיקה ! &lt;br/&gt;&lt;br/&gt;פירוט:&lt;br/&gt; תופסת מוביל איי, אבזור פרימיום",,122000.0,
196,יונדאי,2021,i10,2,רובוטית,1197.0,בנזין,,,נס ציונה - רחובות,רחובות,70000.0,0,2022-09-12,2022-09-12,"2021,
נרכש מאלבר כ0 קילומטר, נהגת יחידה,
קילומטראז נמוך, נסע פחות מ12 אלף קמ.
חישוקי מגנזיום, מערכת carplay לחיבור לטלפון,
רמת בטיחות גבוהה, מערכות סטיה מנתיב ותיקון הגה אקטיבי.
עדיין באחריות יצרן עד ינואר 2024.",,12000.0,
197,יונדאי,2014,i10,1,אוטומטית,1000.0,בנזין,,,"ראשל""צ והסביבה",ראשון לציון,34000.0,0,2022-09-12,2022-09-12,מצב מצוין,,33000.0,
198,יונדאי,2019,איוניק,1,אוטומטית,1900.0,בנזין,,,,רותם,82000.0,0,2022-09-11,2022-09-11,"במצב מצוין מטופל במוסך החברה 
עשה נסיעות ארוכות בלבד",,145000.0,
199,יונדאי,2015,i10,3,אוטומטית,1000.0,בנזין,,,תל אביב,תל אביב יפו,30000.0,0,2022-09-06,2022-09-06,רכב מעולה נראה טוב רק דלק לשים וליסוע,,130000.0,
200,יונדאי,2018,i10,2,אוטומטית,1250.0,בנזין,,,תל אביב,תל אביב יפו,60000.0,0,2022-09-03,2022-09-03,,,34900.0,
201,יונדאי,2017,אלנטרה,1,אוטומטית,1600.0,בנזין,,,,שגב שלום,70000.0,0,2022-09-02,2022-09-02,"רכב במצב טוב מאוד 
ברתים יותר לתכשיר 0507240908",,12000.0,
202,יונדאי,2017,אלנטרה,1,אוטומטית,1591.0,בנזין,,,הוד השרון והסביבה,הוד השרון,78000.0,0,2022-08-23,2022-08-23,"שמור מאוד. נהג יחיד ק""מ 73.000 כחדשה.",,73000.0,
203,יונדאי,2016,סונטה,2,אוטומטית,2000.0,בנזין,,,ירושלים והסביבה,צור הדסה,,0,2022-08-17,2022-08-17,,,,
204,יונדאי,2019,i10,1,אוטומטית,1200.0,בנזין,,,ירושלים והסביבה,מבשרת ציון,60000.0,0,2022-08-17,2022-08-17,"יד ראשונה מליסינג ,שמור במצב מעולה.",,64000.0,
205,יונדאי,2017,סונטה,1,אוטומטית,132.0,בנזין,,,מושבים בשרון,אבן יהודה,90000.0,0,2022-08-10,2022-08-10,יונדאי טוסון prime 1.6,,92000.0,
206,יונדאי,2020,i20,1,אוטומטית,1000.0,בנזין,,,באר שבע והסביבה,באר שבע,83000.0,0,2022-08-09,2022-08-09,"רכב במצב מצויין , ללא תאונות , שמור מאוד &lt;br/&gt;&lt;br/&gt;פירוט:&lt;br/&gt; מערכת סטייה מנתיב
בקרת שיוט אדפטיבית
שמירת מרחק ,בלימה אוטונומית 
חלונות שחורים מהחברה ",,42000.0,
207,יונדאי,2015,i25,1,אוטומטית,1600.0,בנזין,,,ירושלים והסביבה,מעלה אדומים,580000.0,0,2022-08-08,2022-08-08,מצב מעולה שמור כמו חדש דגם primum &lt;br/&gt;&lt;br/&gt;פירוט:&lt;br/&gt; גג נפתח גלגלי מגנזיום ,,107000.0,
208,יונדאי,2019,i20,1,אוטומטית,1000.0,בנזין,,,תל אביב,תל אביב יפו,82000.0,0,2022-08-01,2022-08-01,"רכב במצב מעולה, לא נסע הרבה &lt;br/&gt;&lt;br/&gt;פירוט:&lt;br/&gt; מערכת BLUETOOTH",,12000.0,
209,יונדאי,2017,i25,3,אוטומטית,1400.0,בנזין,,,,פסגת זאב,53000.0,0,2022-07-23,2022-07-23,יונאי ו25 שמור מאוד ללא תאונות קמ נמוך חסכוני בדלק חיישני רוורס מצלמה ליסניג לשעבר ,,87000.0,
210,יונדאי,2014,i20,2,אוטומטית,1400.0,בנזין,השכרה,פרטית,,בית ג'ן,,5,2021-12-10,2021-12-10,"✅ יצרן : יונדאי
✅ דגם : i20
✅ נפח : 1.400
✅ שנה: 2014
✅ ת. הילוכים : אוטומט
✅ בעלות : ליס
✅הספק (כ״ס):100
✅ יד:02
✅ סוג מנוע : בנזין 
✅ טסט עד:01-2022
✅ ק״מ :215.000
✅ צבע הרכב : בז מטאלי 
",בז' מטאלי,215000.0,
211,יונדאי,2019,i10,1,אוטומטית,1200.0,בנזין,,,עכו - נהריה,נהריה,58000.0,0,2022-06-15,2022-06-15,"רכב חדש נקנה מהסוכנות שמור בלי תאונות היה אצל אישה מבוגרת בקושי נסע שמור ומטופח &lt;br/&gt;&lt;br/&gt;פירוט:&lt;br/&gt; מערכת למינעת תאונות מוביליי
טסט לשנה
נקנה מהסוכנות 0 קמ בעלות פרטית",,50000.0,
212,יונדאי,2021,איוניק,1,אוטומטית,1600.0,בנזין,,,נס ציונה - רחובות,רחובות,142000.0,0,2022-05-31,2022-05-31,"רכב לאחר טיפול ולאחר טסט שנתי ששולם. 
הרכב חדש לחלוטין , עדיין בניילון. &lt;br/&gt;&lt;br/&gt;פירוט:&lt;br/&gt; חיישני רוורס . חלונטת חשמל.
",,10000.0,
213,יונדאי,2017,i10,1,אוטומטית,1200.0,בנזין,,,מושבים בשרון,אבן יהודה,54000.0,0,2022-05-22,2022-05-22,שמורה מאוד .,,39000.0,
214,יונדאי,2017,i25,1,אוטומטית,1400.0,בנזין,,,אשדוד - אשקלון,אשדוד,70000.0,0,2022-04-28,2022-04-28,רכב שמור יד ראשונה ללא תאונות .טסט עד ינואר 2022 &lt;br/&gt;&lt;br/&gt;פירוט:&lt;br/&gt; מוביליין,,220000.0,
215,יונדאי,2017,i20,1,אוטומטית,1386.0,בנזין,,,פתח תקוה והסביבה,פתח תקווה,630000.0,0,2022-04-21,2022-04-21,מעולה &lt;br/&gt;&lt;br/&gt;פירוט:&lt;br/&gt; מובילאיי,,118000.0,
216,יונדאי,2023,איוניק,1,אוטומטית,2800.0,חשמלי,חברה,פרטית,חיפה וחוף הכרמל,טירת כרמל,,4,2023-08-20,2023-08-20,"רכב החדש של יונדאי איוניק 6 ריפודי עור דגם לימטיד כולל עמדת טעינה טווח נסיעה 614 ק""מ ",שחור,1800.0,
217,יונדאי,2017,סונטה,2,אוטומטית,2000.0,בנזין,ליסינג,פרטית,באר שבע והסביבה,באר שבע,90000.0,0,2021-11-21,2021-11-21,"יונדאי סונטה צבע אורגינל שחור
נסע 70 אלף קילו מצב חדש 
טסט עד חודש 03/2022
",שחור,70000.0,
